<code_scheme name="Default" version="173">
  <MSSQLCodeStyleSettings version="2">
    <option name="ALIAS_CASE" value="1" />
    <option name="KEYWORD_CASE" value="0" />
    <option name="TYPE_CASE" value="3" />
    <option name="IDENTIFIER_CASE" value="0" />
  </MSSQLCodeStyleSettings>
  <MySQLCodeStyleSettings version="2">
    <option name="KEYWORD_CASE" value="0" />
    <option name="IDENTIFIER_CASE" value="1" />
    <option name="QUOTED_IDENTIFIER_CASE" value="1" />
  </MySQLCodeStyleSettings>
</code_scheme>