<application>
  <component name="libraryTable">
    <library name="bootstrap" type="javaScript">
      <properties>
        <sourceFilesUrls>
          <item url="file://$APPLICATION_CONFIG_DIR$/javascript/extLibs/http_cdn.staticfile.org_twitter-bootstrap_3.3.7_css_bootstrap.css" />
          <item url="file://$APPLICATION_CONFIG_DIR$/javascript/extLibs/http_cdn.staticfile.org_twitter-bootstrap_3.3.7_js_bootstrap.js" />
        </sourceFilesUrls>
      </properties>
      <CLASSES>
        <root url="file://$APPLICATION_CONFIG_DIR$/javascript/extLibs/http_cdn.staticfile.org_twitter-bootstrap_3.3.7_css_bootstrap.css" />
        <root url="file://$APPLICATION_CONFIG_DIR$/javascript/extLibs/http_cdn.staticfile.org_twitter-bootstrap_3.3.7_js_bootstrap.js" />
      </CLASSES>
      <JAVADOC />
      <SOURCES />
    </library>
    <library name="jquery" type="javaScript">
      <properties>
        <option name="frameworkName" value="jQuery" />
        <sourceFilesUrls>
          <item url="file://$APPLICATION_CONFIG_DIR$/javascript/extLibs/http_cdn.staticfile.org_jquery_2.1.1_jquery.js" />
        </sourceFilesUrls>
      </properties>
      <CLASSES>
        <root url="file://$APPLICATION_CONFIG_DIR$/javascript/extLibs/http_cdn.staticfile.org_jquery_2.1.1_jquery.js" />
      </CLASSES>
      <DOCUMENTATION>
        <root url="http://api.jquery.com" />
      </DOCUMENTATION>
      <JAVADOC />
      <SOURCES />
    </library>
    <library name="jquery-3.1.1" type="javaScript">
      <properties>
        <option name="frameworkName" value="jQuery" />
        <option name="frameworkVersion" value="1.1." />
        <sourceFilesUrls>
          <item url="file://$APPLICATION_CONFIG_DIR$/javascript/extLibs/http_code.jquery.com_jquery-3.1.1.js" />
        </sourceFilesUrls>
      </properties>
      <CLASSES>
        <root url="file://$APPLICATION_CONFIG_DIR$/javascript/extLibs/http_code.jquery.com_jquery-3.1.1.js" />
      </CLASSES>
      <DOCUMENTATION>
        <root url="http://api.jquery.com" />
      </DOCUMENTATION>
      <JAVADOC />
      <SOURCES />
    </library>
  </component>
</application>