<application>
  <component name="FileTypeManager" version="17">
    <extensionMap>
      <mapping ext="main.kts" type="Kotlin" />
      <mapping ext="gradle.kts" type="Kotlin" />
      <mapping pattern=".name" type="PLAIN_TEXT" />
      <mapping pattern="HodrCompanyMapper.xml" type="PLAIN_TEXT" />
      <mapping pattern="com" type="PLAIN_TEXT" />
      <mapping ext="jks" type="PLAIN_TEXT" />
      <mapping pattern="HodrCompanyMapper" type="XML" />
    </extensionMap>
  </component>
</application>