<application>
  <component name="HzeroGeneratorSetting">
    <option name="author" value="" />
    <option name="columnConfigGroupMap">
      <map>
        <entry key="Default">
          <value>
            <ColumnConfigGroup>
              <option name="elementList">
                <list>
                  <ColumnConfig>
                    <option name="title" value="disable" />
                    <option name="type" value="BOOLEAN" />
                  </ColumnConfig>
                </list>
              </option>
              <option name="name" value="Default" />
            </ColumnConfigGroup>
          </value>
        </entry>
      </map>
    </option>
    <option name="globalConfigGroupMap">
      <map>
        <entry key="Default">
          <value>
            <GlobalConfigGroup>
              <option name="elementList">
                <list>
                  <GlobalConfig>
                    <option name="name" value="init" />
                    <option name="value" value="## 以下配置改动会影响模板生成结果，请根据实际需求修改代码层级，表前缀等信息&#10;#### by guangrui.liu@hand-china.com  2021-06-30&#10;&#10;##初始化区域&#10;##设置全局变量 租户层 tenant or 平台层 site&#10;##set($level = &quot;tenant&quot;)&#10;#set($level = $tableInfo.level)&#10;&#10;##去掉表的t_前缀,可以直接添加，以逗号分隔&#10;#set($temp = $tool.newHashSet(&quot;hadm_&quot;,&quot;cgjh_&quot;,&quot;scux_shac_&quot;,&quot;other_&quot;))&#10;#foreach($item in $temp)&#10;    #if($tableInfo.obj.name.contains($item))&#10;        $!tableInfo.setName($tool.getClassName($tableInfo.obj.name.replaceFirst($item,&quot;&quot;)))&#10;        $!tableInfo.setObjName($tool.getClassName($tableInfo.obj.name.replaceFirst($item,&quot;&quot;)))&#10;    #end&#10;#end&#10;&#10;##参考阿里巴巴开发手册，POJO 类中布尔类型的变量，都不要加 is 前缀，否则部分框架解析会引起序列化错误&#10;#foreach($column in $tableInfo.fullColumn)&#10;    #if($column.name.startsWith(&quot;is&quot;) &amp;&amp; $column.type.equals(&quot;java.lang.Boolean&quot;))&#10;        $!column.setName($tool.firstLowerCase($column.name.substring(2)))&#10;    #end&#10;#end&#10;&#10;##实现动态排除列&#10;#set($temp = $tool.newHashSet(&quot;creationDate&quot;, &quot;createdBy&quot;, &quot;lastUpdatedBy&quot;,&quot;lastUpdateDate&quot;,&quot;objectVersionNumber&quot;))&#10;#foreach($item in $temp)&#10;    #set($newList = $tool.newArrayList())&#10;    #foreach($column in $tableInfo.fullColumn)&#10;        #if(!$column.name.equals($item))&#10;            ##带有反回值的方法调用时使用$tool.call来消除返回值&#10;            $tool.call($newList.add($column))&#10;        #end&#10;    #end&#10;    ##重新保存&#10;    $tableInfo.setFullColumn($newList)&#10;#end&#10;&#10;##对importList进行篡改&#10;#set($temp = $tool.newHashSet())&#10;#foreach($column in $tableInfo.fullColumn)&#10;    #if(!$column.type.startsWith(&quot;java.lang.&quot;))&#10;        ##带有反回值的方法调用时使用$tool.call来消除返回值&#10;        $tool.call($temp.add($column.type))&#10;    #end&#10;#end&#10;##覆盖&#10;#set($importList = $temp)&#10;&#10;&#10;##类名重命名&#10;#set($className = $!tableInfo.name)&#10;#set($classname = $tool.firstLowerCase($!tableInfo.name))&#10;#set($lineClassName = $!tableInfo.name.replace())&#10;&#10;##设置主键&#10;#if($tableInfo.pkColumn.size() &gt; 0)&#10;    #set($pk = $!tableInfo.pkColumn[0])&#10;#elseif($tableInfo.fullColumn.size() &gt; 0)&#10;    #set($pk = $!tableInfo.fullColumn[0])&#10;#end&#10;" />
                  </GlobalConfig>
                  <GlobalConfig>
                    <option name="name" value="define" />
                    <option name="value" value="#### by guangrui.liu@hand-china.com  2021-06-28&#10;##（Velocity宏定义）&#10;&#10;##定义设置表名后缀的宏定义，调用方式：#setTableSuffix(&quot;Test&quot;)&#10;#macro(setTableSuffix $suffix)&#10;    #set($tableName = $!tool.append($tableInfo.name, $suffix))&#10;#end&#10;&#10;##定义设置包名后缀的宏定义，调用方式：#setPackageSuffix(&quot;Test&quot;)&#10;#macro(setPackageSuffix $suffix)&#10;#if($suffix!=&quot;&quot;)package #end#if($tableInfo.savePackageName!=&quot;&quot;)$!{tableInfo.savePackageName}.#{end}$!suffix;&#10;#end&#10;&#10;##定义直接保存路径与文件名简化的宏定义，调用方式：#save(&quot;/entity&quot;, &quot;.java&quot;)&#10;#macro(save $path $fileName)&#10;    $!callback.setSavePath($tool.append($tableInfo.savePath, $path))&#10;    $!callback.setFileName($tool.append($tableInfo.name, $fileName))&#10;#end&#10;&#10;##定义表注释的宏定义，调用方式：#tableComment(&quot;注释信息&quot;)&#10;#macro(tableComment $desc)&#10;/**&#10; * $!{tableInfo.comment}($!{tableInfo.name})$desc&#10; *&#10; * @author $!author&#10; * @since $!time.currTime()&#10; */&#10;#end&#10;&#10;##定义GET，SET方法的宏定义，调用方式：#getSetMethod($column)&#10;#macro(getSetMethod $column)&#10;&#10;    public $!{tool.getClsNameByFullName($column.type)} get$!{tool.firstUpperCase($column.name)}() {&#10;        return $!{column.name};&#10;    }&#10;&#10;    public void set$!{tool.firstUpperCase($column.name)}($!{tool.getClsNameByFullName($column.type)} $!{column.name}) {&#10;        this.$!{column.name} = $!{column.name};&#10;    }&#10;#end" />
                  </GlobalConfig>
                  <GlobalConfig>
                    <option name="name" value="autoImport" />
                    <option name="value" value="#### by guangrui.liu@hand-china.com  2021-06-28&#10;##自动导入包（仅导入实体属性需要的包，通常用于实体类）&#10;#foreach($import in $importList)&#10;import $!import;&#10;#end" />
                  </GlobalConfig>
                  <GlobalConfig>
                    <option name="name" value="mybatisSupport" />
                    <option name="value" value="#### by guangrui.liu@hand-china.com  2021-06-28&#10;##针对Mybatis 进行支持，主要用于生成xml文件&#10;#foreach($column in $tableInfo.fullColumn)&#10;    ##储存列类型&#10;    $tool.call($column.ext.put(&quot;sqlType&quot;, $tool.getField($column.obj.dataType, &quot;typeName&quot;)))&#10;    #if($tool.newHashSet(&quot;java.lang.String&quot;).contains($column.type))&#10;        #set($jdbcType=&quot;VARCHAR&quot;)&#10;    #elseif($tool.newHashSet(&quot;java.lang.Boolean&quot;, &quot;boolean&quot;).contains($column.type))&#10;        #set($jdbcType=&quot;BOOLEAN&quot;)&#10;    #elseif($tool.newHashSet(&quot;java.lang.Byte&quot;, &quot;byte&quot;).contains($column.type))&#10;        #set($jdbcType=&quot;BYTE&quot;)&#10;    #elseif($tool.newHashSet(&quot;java.lang.Integer&quot;, &quot;int&quot;, &quot;java.lang.Short&quot;, &quot;short&quot;).contains($column.type))&#10;        #set($jdbcType=&quot;INTEGER&quot;)&#10;    #elseif($tool.newHashSet(&quot;java.lang.Long&quot;, &quot;long&quot;).contains($column.type))&#10;        #set($jdbcType=&quot;INTEGER&quot;)&#10;    #elseif($tool.newHashSet(&quot;java.lang.Float&quot;, &quot;float&quot;, &quot;java.lang.Double&quot;, &quot;double&quot;).contains($column.type))&#10;        #set($jdbcType=&quot;NUMERIC&quot;)&#10;    #elseif($tool.newHashSet(&quot;java.util.Date&quot;, &quot;java.sql.Timestamp&quot;, &quot;java.time.Instant&quot;, &quot;java.time.LocalDateTime&quot;, &quot;java.time.OffsetDateTime&quot;, &quot;&#9;java.time.ZonedDateTime&quot;).contains($column.type))&#10;        #set($jdbcType=&quot;TIMESTAMP&quot;)&#10;    #elseif($tool.newHashSet(&quot;java.sql.Date&quot;, &quot;java.time.LocalDate&quot;).contains($column.type))&#10;        #set($jdbcType=&quot;TIMESTAMP&quot;)&#10;    #else&#10;        ##其他类型&#10;        #set($jdbcType=&quot;OTHER&quot;)&#10;    #end&#10;    $tool.call($column.ext.put(&quot;jdbcType&quot;, $jdbcType))&#10;#end&#10;&#10;##定义宏，查询所有列&#10;#macro(allSqlColumn)#foreach($column in $tableInfo.fullColumn)$column.obj.name#if($velocityHasNext), #end#end#end" />
                  </GlobalConfig>
                </list>
              </option>
              <option name="name" value="Default" />
            </GlobalConfigGroup>
          </value>
        </entry>
      </map>
    </option>
    <option name="returnType" value="resultType" />
    <option name="templateGroupMap">
      <map>
        <entry key="Default">
          <value>
            <TemplateGroup>
              <option name="elementList">
                <list>
                  <Template>
                    <option name="code" value="##引入宏定义&#10;$!init&#10;$!define&#10;&#10;##使用宏定义设置回调（保存位置与文件后缀）&#10;#save(&quot;/domain/entity&quot;,&quot;.java&quot;)&#10;&#10;##使用宏定义设置包后缀&#10;#setPackageSuffix(&quot;domain.entity&quot;)&#10;&#10;##使用全局变量实现默认包导入&#10;$!autoImport&#10;import com.fasterxml.jackson.annotation.JsonInclude;&#10;import io.choerodon.mybatis.annotation.ModifyAudit;&#10;import io.choerodon.mybatis.annotation.VersionAudit;&#10;import io.choerodon.mybatis.domain.AuditDomain;&#10;import io.swagger.annotations.ApiModel;&#10;import io.swagger.annotations.ApiModelProperty;&#10;&#10;import javax.persistence.GeneratedValue;&#10;import javax.persistence.Id;&#10;import javax.persistence.Table;&#10;import javax.validation.constraints.NotBlank;&#10;import javax.validation.constraints.NotNull;&#10;import java.math.BigDecimal;&#10;import java.util.Date;&#10;#if(${tableInfo.useLombok})&#10;import lombok.Getter;&#10;import lombok.Setter;&#10;#end&#10;&#10;##使用宏定义实现类注释信息&#10;#tableComment(&quot;实体类&quot;)&#10;&#10;#if(${tableInfo.useLombok})&#10;@Getter&#10;@Setter&#10;#end&#10;@ApiModel(&quot;$!{tableInfo.obj.comment}&quot;)&#10;@VersionAudit&#10;@ModifyAudit&#10;@JsonInclude(value = JsonInclude.Include.NON_NULL)&#10;@Table(name = &quot;$!{tableInfo.obj.name}&quot;)&#10;public class $!{tableInfo.name} extends AuditDomain{&#10;    private static final long serialVersionUID=$!tool.serial();&#10;&#10;#foreach($column in $tableInfo.fullColumn)&#10;    public static final String FIELD_${column.obj.name.toUpperCase()}=&quot;$column.name&quot;;&#10;#end&#10;&#10;#foreach($column in $tableInfo.fullColumn)&#10;#if($!{column.name}==$pk.name)&#10;#if(${column.comment})&#10;    @ApiModelProperty(&quot;${column.comment}&quot;)&#10;#end&#10;    @Id&#10;    @GeneratedValue&#10;#else&#10;#if(!${column.nullAble})&#10;    @ApiModelProperty(value = &quot;${column.comment}&quot;, required = true)&#10;#if($!{tool.getClsNameByFullName($column.type)}=='String')&#10;    @NotBlank&#10;#else&#10;    @NotNull&#10;#end&#10;#else&#10;#if(${column.comment})&#10;    @ApiModelProperty(value = &quot;${column.comment}&quot;)&#10;#end#end#end&#10;    private $!{tool.getClsNameByFullName($column.type)} $!{column.name};&#10;&#10;#end&#10;&#10;#if(!${tableInfo.useLombok})&#10;#foreach($column in $tableInfo.fullColumn)&#10;##使用宏定义实现get,set方法&#10;#getSetMethod($column)&#10;#end#end&#10;&#10;}&#10;" />
                    <option name="name" value="entity.java" />
                  </Template>
                  <Template>
                    <option name="code" value="##定义初始变量&#10;$!init&#10;#set($tableName = $tool.append($tableInfo.name, &quot;Mapper&quot;))&#10;##设置回调&#10;$!callback.setFileName($tool.append($tableName, &quot;.java&quot;))&#10;$!callback.setSavePath($tool.append($tableInfo.savePath, &quot;/infra/mapper&quot;))&#10;&#10;#if($tableInfo.savePackageName)package $!{tableInfo.savePackageName}.#{end}infra.mapper;&#10;&#10;import io.choerodon.mybatis.common.BaseMapper;&#10;import ${tableInfo.savePackageName}.domain.entity.${className};&#10;&#10;import java.util.List;&#10;&#10;/**&#10; * $!{tableInfo.comment}($!{tableInfo.name})应用服务&#10; *&#10; * @author $!author&#10; * @since $!time.currTime()&#10; */&#10;public interface ${className}Mapper extends BaseMapper&lt;${className}&gt; {&#10;    /**&#10;     * 基础查询&#10;     * @param ${classname} 查询条件&#10;     * @return 返回值&#10;     */&#10;    List&lt;${className}&gt; selectList(${className} ${classname});&#10;}&#10;" />
                    <option name="name" value="mapper.java" />
                  </Template>
                  <Template>
                    <option name="code" value="##引入mybatis支持&#10;$!mybatisSupport&#10;$!init&#10;##设置保存名称与保存位置&#10;$!callback.setFileName($tool.append($!{tableInfo.name}, &quot;Mapper.xml&quot;))&#10;$!callback.setSavePath($tool.append($modulePath, &quot;/src/main/resources/mapper&quot;))&#10;$!callback.setReformat(false)&#10;##拿到主键&#10;##if(!$tableInfo.pkColumn.isEmpty())&#10;##    #set($pk = $tableInfo.pkColumn.get(0))&#10;##end&#10;&#10;##生成sql前缀&#10;#set($prefixItems = $!tableInfo.obj.name.split(&quot;_&quot;))&#10;#set($prefix = &quot;&quot;)&#10;#foreach($item in $prefixItems)&#10;#set($prefix = $prefix+$item.charAt(0))&#10;#end&#10;&lt;?xml version=&quot;1.0&quot; encoding=&quot;UTF-8&quot;?&gt;&#10;&lt;!DOCTYPE mapper PUBLIC &quot;-//mybatis.org//DTD Mapper 3.0//EN&quot; &quot;http://mybatis.org/dtd/mybatis-3-mapper.dtd&quot;&gt;&#10;&lt;mapper namespace=&quot;$!{tableInfo.savePackageName}.infra.mapper.$!{tableInfo.name}Mapper&quot;&gt;&#10;&#10;#if($useResultMap)&#10;    &lt;resultMap id=&quot;BaseResultMap&quot; type=&quot;$!{tableInfo.savePackageName}.domain.entity.$!{tableInfo.name}&quot;&gt;&#10;        &lt;!--@Table $!{tableInfo.originTableName}--&gt;&#10;#foreach($column in $tableInfo.fullColumn)&#10;            &lt;result property=&quot;$!column.name&quot; column=&quot;$!column.obj.name&quot; jdbcType=&quot;$!column.ext.jdbcType&quot;/&gt;&#10;#end&#10;    &lt;/resultMap&gt;&#10;#end&#10;&#10;    &lt;sql id = &quot;BaseSql&quot;&gt;&#10;#set($tmp = $tool.newArrayList(&quot;creation_date&quot;, &quot;created_by&quot;, &quot;last_updated_by&quot;,&quot;last_update_date&quot;,&quot;object_version_number&quot;))&#10;#foreach($item in $tableInfo.fullColumn)&#10;        $prefix.$item.obj.name,&#10;#end&#10;#foreach($item in $tmp)&#10;        $prefix.$item#if($velocityHasNext),&#10;#end#end&#10;&#10;    &lt;/sql&gt;&#10;&#10;#if($useResultMap)&#10;    &lt;select id = &quot;selectList&quot; resultMap = &quot;BaseResultMap&quot;&gt;&#10;#else&#10;    &lt;select id = &quot;selectList&quot; resultType = &quot;$!{tableInfo.savePackageName}.domain.entity.${className}&quot;&gt;&#10;#end&#10;        select&#10;        &lt;include refid = &quot;BaseSql&quot;/&gt;&#10;        from $!{tableInfo.obj.name} $prefix&#10;        &lt;where&gt;&#10;#foreach($item in $tableInfo.pkColumn)&#10;            &lt;if test=&quot;$item.name !=null&quot;&gt;&#10;                and $prefix.$item.obj.name = #{$item.name,jdbcType = $!item.ext.jdbcType}&#10;            &lt;/if&gt;&#10;#end&#10;#if($tableInfo.fullColumnQuery)&#10;#set($tempSet = $tool.newHashSet(&quot;creationDate&quot;, &quot;createdBy&quot;, &quot;lastUpdatedBy&quot;,&quot;lastUpdateDate&quot;,&quot;objectVersionNumber&quot;))&#10;#foreach($item in $tableInfo.otherColumn)&#10;#if(!$tempSet.contains($item.name))&#10;            &lt;if test=&quot;$item.name !=null&quot;&gt;&#10;                and $prefix.$item.obj.name = #{$item.name,jdbcType = $!item.ext.jdbcType}&#10;            &lt;/if&gt;&#10;#end#end#end&#10;        &lt;/where&gt;&#10;    &lt;/select&gt;&#10;&lt;/mapper&gt;&#10;" />
                    <option name="name" value="mapper.xml" />
                  </Template>
                  <Template>
                    <option name="code" value="##定义初始变量&#10;$!init&#10;#set($tableName=$tool.append($tableInfo.name,&quot;Repository&quot;))&#10;##设置回调&#10;$!callback.setFileName($tool.append($tableName,&quot;.java&quot;))&#10;$!callback.setSavePath($tool.append($tableInfo.savePath,&quot;/domain/repository&quot;))&#10;&#10;#if($tableInfo.savePackageName)package $!{tableInfo.savePackageName}.#{end}domain.repository;&#10;&#10;import org.hzero.mybatis.base.BaseRepository;&#10;import ${tableInfo.savePackageName}.domain.entity.${className};&#10;&#10;import java.util.List;&#10;&#10;/**&#10; * $!{tableInfo.comment}($!{tableInfo.name})资源库&#10; *&#10; * @author $!{tableInfo.author}&#10; * @since $!time.currTime()&#10; */&#10;public interface ${className}Repository extends BaseRepository&lt;${className}&gt;{&#10;        /**&#10;         * 查询&#10;         * @param ${classname} 查询条件&#10;         * @return 返回值&#10;         */&#10;        List&lt;${className}&gt;selectList(${className} ${classname});&#10;&#10;        /**&#10;         * 根据主键查询（可关联表）&#10;         * @param $pk.name 主键&#10;         * @return 返回值&#10;         */&#10;        ${className} selectByPrimary(Long $pk.name);&#10;}" />
                    <option name="name" value="repository.java" />
                  </Template>
                  <Template>
                    <option name="code" value="##定义初始变量&#10;$!init&#10;#set($tableName = $tool.append($tableInfo.name, &quot;RepositoryImpl&quot;))&#10;##设置回调&#10;$!callback.setFileName($tool.append($tableName, &quot;.java&quot;))&#10;$!callback.setSavePath($tool.append($tableInfo.savePath, &quot;/infra/repository/impl&quot;))&#10;&#10;#if($tableInfo.savePackageName)package $!{tableInfo.savePackageName}.#{end}infra.repository.impl;&#10;&#10;import org.apache.commons.collections.CollectionUtils;&#10;import org.hzero.mybatis.base.impl.BaseRepositoryImpl;&#10;import org.springframework.stereotype.Component;&#10;import ${tableInfo.savePackageName}.domain.entity.${className};&#10;import ${tableInfo.savePackageName}.domain.repository.${className}Repository;&#10;import ${tableInfo.savePackageName}.infra.mapper.${className}Mapper;&#10;&#10;import javax.annotation.Resource;&#10;import java.util.List;&#10;&#10;/**&#10; * $!{tableInfo.comment}($!{tableInfo.name})资源库&#10; *&#10; * @author $!{tableInfo.author}&#10; * @since $!time.currTime()&#10; */&#10;@Component&#10;public class ${className}RepositoryImpl extends BaseRepositoryImpl&lt;${className}&gt; implements ${className}Repository {&#10;    @Resource&#10;    private ${className}Mapper ${classname}Mapper;&#10;&#10;    @Override&#10;    public List&lt;${className}&gt; selectList(${className} ${classname}) {&#10;        return ${classname}Mapper.selectList(${classname});&#10;    }&#10;&#10;    @Override&#10;    public ${className} selectByPrimary(Long $pk.name) {&#10;        ${className} ${classname} = new ${className}();&#10;        ${classname}.set$tool.firstUpperCase($pk.name)($pk.name);&#10;        List&lt;${className}&gt; ${classname}s = ${classname}Mapper.selectList(${classname});&#10;        if (${classname}s.size() == 0){&#10;            return null;&#10;        }&#10;        return ${classname}s.get(0);&#10;    }&#10;&#10;}&#10;" />
                    <option name="name" value="repositoryImpl.java" />
                  </Template>
                  <Template>
                    <option name="code" value="##定义初始变量&#10;$!init&#10;#set($tableName = $tool.append($tableInfo.name, &quot;Service&quot;))&#10;##设置回调&#10;$!callback.setFileName($tool.append($tableName, &quot;.java&quot;))&#10;$!callback.setSavePath($tool.append($tableInfo.savePath, &quot;/app/service&quot;))&#10;&#10;#if($tableInfo.savePackageName)package $!{tableInfo.savePackageName}.#{end}app.service;&#10;import io.choerodon.core.domain.Page;&#10;import io.choerodon.mybatis.pagehelper.domain.PageRequest;&#10;import $!{tableInfo.savePackageName}.domain.entity.${className};&#10;&#10;import java.util.List;&#10;/**&#10; * $!{tableInfo.comment}($!{tableInfo.name})应用服务&#10; *&#10; * @author $!author&#10; * @since $!time.currTime()&#10; */&#10;public interface ${className}Service {&#10;&#10;    /**&#10;     * 查询数据&#10;     *&#10;     * @param pageRequest 分页参数&#10;     * @param ${classname}s 查询条件&#10;     * @return 返回值&#10;     */&#10;    Page&lt;${className}&gt; selectList(PageRequest pageRequest, ${className} ${classname}s);&#10;    &#10;    /**&#10;     * 保存数据&#10;     * @param ${classname}s 数据&#10;     */&#10;    void saveData(List&lt;${className}&gt; ${classname}s);&#10;&#10;}&#10;" />
                    <option name="name" value="service.java" />
                  </Template>
                  <Template>
                    <option name="code" value="##定义初始变量&#10;$!init&#10;#set($tableName = $tool.append($tableInfo.name, &quot;ServiceImpl&quot;))&#10;##设置回调&#10;$!callback.setFileName($tool.append($tableName, &quot;.java&quot;))&#10;$!callback.setSavePath($tool.append($tableInfo.savePath, &quot;/app/service/impl&quot;))&#10;&#10;#if($tableInfo.savePackageName)package $!{tableInfo.savePackageName}.#{end}app.service.impl;&#10;&#10;import io.choerodon.core.domain.Page;&#10;import io.choerodon.mybatis.pagehelper.PageHelper;&#10;import io.choerodon.mybatis.pagehelper.domain.PageRequest;&#10;import org.springframework.beans.factory.annotation.Autowired;&#10;import ${tableInfo.savePackageName}.app.service.${className}Service;&#10;import org.springframework.stereotype.Service;&#10;import $!{tableInfo.savePackageName}.domain.entity.${className};&#10;import $!{tableInfo.savePackageName}.domain.repository.${className}Repository;&#10;&#10;import java.util.List;&#10;import java.util.stream.Collectors;&#10;/**&#10; * $!{tableInfo.comment}($!{tableInfo.name})应用服务&#10; *&#10; * @author $!{tableInfo.author}&#10; * @since $!time.currTime()&#10; */&#10;@Service&#10;public class ${className}ServiceImpl implements ${className}Service {&#10;    @Autowired&#10;    private ${className}Repository ${classname}Repository;&#10;&#10;    @Override&#10;    public Page&lt;${className}&gt; selectList(PageRequest pageRequest, ${className} ${classname}) {&#10;        return PageHelper.doPageAndSort(pageRequest,()-&gt;${classname}Repository.selectList(${classname}));&#10;    }&#10;&#10;    @Override&#10;    public void saveData(List&lt;${className}&gt; ${classname}s) {&#10;        List&lt;${className}&gt; insertList = ${classname}s.stream().filter(line-&gt;line.get$tool.firstUpperCase(${pk.name})() == null).collect(Collectors.toList());&#10;        List&lt;${className}&gt; updateList = ${classname}s.stream().filter(line-&gt;line.get$tool.firstUpperCase(${pk.name})() != null).collect(Collectors.toList());&#10;        ${classname}Repository.batchInsertSelective(insertList);&#10;        ${classname}Repository.batchUpdateByPrimaryKeySelective(updateList);&#10;    }&#10;}&#10;" />
                    <option name="name" value="serviceImpl.java" />
                  </Template>
                  <Template>
                    <option name="code" value="##定义初始变量&#10;$!init&#10;#set($tableName = $tool.append($tableInfo.name, &quot;Controller&quot;))&#10;##设置回调&#10;$!callback.setFileName($tool.append($tableName, &quot;.java&quot;))&#10;$!callback.setSavePath($tool.append($tableInfo.savePath, &quot;/api/controller/v1&quot;))&#10;&#10;#if($tableInfo.savePackageName)package $!{tableInfo.savePackageName}.#{end}api.controller.v1;&#10;&#10;import io.choerodon.core.domain.Page;&#10;import io.choerodon.core.iam.ResourceLevel;&#10;import io.choerodon.mybatis.pagehelper.annotation.SortDefault;&#10;import io.choerodon.mybatis.pagehelper.domain.PageRequest;&#10;import io.choerodon.mybatis.pagehelper.domain.Sort;&#10;import io.choerodon.swagger.annotation.Permission;&#10;import io.swagger.annotations.ApiOperation;&#10;import org.hzero.core.base.BaseController;&#10;import org.hzero.core.util.Results;&#10;import org.hzero.mybatis.helper.SecurityTokenHelper;&#10;import org.springframework.beans.factory.annotation.Autowired;&#10;import org.springframework.http.ResponseEntity;&#10;import org.springframework.web.bind.annotation.*;&#10;import $!{tableInfo.savePackageName}.app.service.${className}Service;&#10;import $!{tableInfo.savePackageName}.domain.entity.${className};&#10;import $!{tableInfo.savePackageName}.domain.repository.${className}Repository;&#10;import springfox.documentation.annotations.ApiIgnore;&#10;&#10;import java.util.List;&#10;&#10;/**&#10; * $!{tableInfo.comment}($!{tableInfo.name})表控制层&#10; *&#10; * @author $!author&#10; * @since $!time.currTime()&#10; */&#10;&#10;#set($requestname = $tool.hump2Underline(${className}))&#10;#if(${level} == &quot;tenant&quot;)&#10;@RestController(&quot;${classname}Controller.v1&quot;)&#10;@RequestMapping(&quot;/v1/{organizationId}/${requestname.replace(&quot;_&quot;,&quot;-&quot;)}s&quot;)&#10;#else&#10;@RestController(&quot;${classname}SiteController.v1&quot;)&#10;@RequestMapping(&quot;/v1/${requestname.replace(&quot;_&quot;,&quot;-&quot;)}s&quot;)&#10;#end&#10;public class ${className}Controller extends BaseController {&#10;&#10;    @Autowired&#10;    private ${className}Repository ${classname}Repository;&#10;&#10;    @Autowired&#10;    private ${className}Service ${classname}Service;&#10;&#10;    @ApiOperation(value = &quot;$!{tableInfo.comment}列表&quot;)&#10;    #if(${level} == &quot;tenant&quot;)&#10;@Permission(level = ResourceLevel.ORGANIZATION)&#10;    #else&#10;@Permission(level = ResourceLevel.SITE)&#10;    #end&#10;@GetMapping&#10;    public ResponseEntity&lt;Page&lt;${className}&gt;&gt; list(${className} ${classname},#if(${level} == &quot;tenant&quot;)@PathVariable Long organizationId,#end&#10;                                                   @ApiIgnore @SortDefault(value = ${className}.FIELD_${pk.obj.name.toUpperCase()},&#10;            direction = Sort.Direction.DESC) PageRequest pageRequest) {&#10;        Page&lt;${className}&gt; list = ${classname}Service.selectList(pageRequest, ${classname});&#10;        return Results.success(list);&#10;    }&#10;&#10;    @ApiOperation(value = &quot;$!{tableInfo.comment}明细&quot;)&#10;    #if(${level} == &quot;tenant&quot;)&#10;@Permission(level = ResourceLevel.ORGANIZATION)&#10;    #else&#10;@Permission(level = ResourceLevel.SITE)&#10;    #end&#10;@GetMapping(&quot;/{${pk.name}}&quot;)&#10;    public ResponseEntity&lt;${className}&gt; detail(@PathVariable Long ${pk.name}) {&#10;        ${className} ${classname} = ${classname}Repository.selectByPrimary(${pk.name});&#10;        return Results.success(${classname});&#10;    }&#10;&#10;    @ApiOperation(value = &quot;创建或更新$!{tableInfo.comment}&quot;)&#10;    #if(${level} == &quot;tenant&quot;)&#10;@Permission(level = ResourceLevel.ORGANIZATION)&#10;    #else&#10;@Permission(level = ResourceLevel.SITE)&#10;    #end&#10;@PostMapping&#10;    public ResponseEntity&lt;List&lt;${className}&gt;&gt; save(#if(${level} == &quot;tenant&quot;)@PathVariable Long organizationId,#end @RequestBody List&lt;${className}&gt; ${classname}s) {&#10;        validObject(${classname}s);&#10;        SecurityTokenHelper.validTokenIgnoreInsert(${classname}s);&#10;        #if(${level} == &quot;tenant&quot;)${classname}s.forEach(item-&gt;item.setTenantId(organizationId));#end&#10;        ${classname}Service.saveData(${classname}s);&#10;        return Results.success(${classname}s);&#10;    }&#10;&#10;    @ApiOperation(value = &quot;删除$!{tableInfo.comment}&quot;)&#10;    #if(${level} == &quot;tenant&quot;)&#10;@Permission(level = ResourceLevel.ORGANIZATION)&#10;    #else&#10;@Permission(level = ResourceLevel.SITE)&#10;    #end&#10;@DeleteMapping&#10;    public ResponseEntity&lt;?&gt; remove(@RequestBody List&lt;${className}&gt; ${classname}s) {&#10;        SecurityTokenHelper.validToken(${classname}s);&#10;        ${classname}Repository.batchDeleteByPrimaryKey(${classname}s);&#10;        return Results.success();&#10;    }&#10;&#10;}&#10;" />
                    <option name="name" value="controller.java" />
                  </Template>
                </list>
              </option>
              <option name="name" value="Default" />
            </TemplateGroup>
          </value>
        </entry>
      </map>
    </option>
    <option name="typeMapperGroupMap">
      <map>
        <entry key="Default">
          <value>
            <TypeMapperGroup>
              <option name="elementList">
                <list>
                  <TypeMapper>
                    <option name="columnType" value="varchar(\(\d+\))?" />
                    <option name="javaType" value="java.lang.String" />
                  </TypeMapper>
                  <TypeMapper>
                    <option name="columnType" value="char(\(\d+\))?" />
                    <option name="javaType" value="java.lang.String" />
                  </TypeMapper>
                  <TypeMapper>
                    <option name="columnType" value="text" />
                    <option name="javaType" value="java.lang.String" />
                  </TypeMapper>
                  <TypeMapper>
                    <option name="columnType" value="decimal(\(\d+\))?" />
                    <option name="javaType" value="java.math.BigDecimal" />
                  </TypeMapper>
                  <TypeMapper>
                    <option name="columnType" value="decimal(\(\d+,\d+\))?" />
                    <option name="javaType" value="java.math.BigDecimal" />
                  </TypeMapper>
                  <TypeMapper>
                    <option name="columnType" value="integer" />
                    <option name="javaType" value="java.lang.Integer" />
                  </TypeMapper>
                  <TypeMapper>
                    <option name="columnType" value="int(\(\d+\))?" />
                    <option name="javaType" value="java.lang.Integer" />
                  </TypeMapper>
                  <TypeMapper>
                    <option name="columnType" value="int4" />
                    <option name="javaType" value="java.lang.Integer" />
                  </TypeMapper>
                  <TypeMapper>
                    <option name="columnType" value="int8" />
                    <option name="javaType" value="java.lang.Long" />
                  </TypeMapper>
                  <TypeMapper>
                    <option name="columnType" value="bigint(\(\d+\))?" />
                    <option name="javaType" value="java.lang.Long" />
                  </TypeMapper>
                  <TypeMapper>
                    <option name="columnType" value="datetime" />
                    <option name="javaType" value="java.util.Date" />
                  </TypeMapper>
                  <TypeMapper>
                    <option name="columnType" value="timestamp" />
                    <option name="javaType" value="java.util.Date" />
                  </TypeMapper>
                  <TypeMapper>
                    <option name="columnType" value="boolean" />
                    <option name="javaType" value="java.lang.Boolean" />
                  </TypeMapper>
                  <TypeMapper>
                    <option name="columnType" value="longtext" />
                    <option name="javaType" value="java.lang.String" />
                  </TypeMapper>
                  <TypeMapper>
                    <option name="columnType" value="tinyint(\(\d+\))?" />
                    <option name="javaType" value="java.lang.Integer" />
                  </TypeMapper>
                  <TypeMapper>
                    <option name="columnType" value="date" />
                    <option name="javaType" value="java.lang.Date" />
                  </TypeMapper>
                  <TypeMapper>
                    <option name="columnType" value="number(\(.*\))?" />
                    <option name="javaType" value="java.lang.Long" />
                  </TypeMapper>
                  <TypeMapper>
                    <option name="columnType" value="varchar2(\(\d+\))?" />
                    <option name="javaType" value="java.lang.String" />
                  </TypeMapper>
                  <TypeMapper>
                    <option name="columnType" value="timestamp(\(\d+\))?" />
                    <option name="javaType" value="java.util.Date" />
                  </TypeMapper>
                  <TypeMapper>
                    <option name="columnType" value="mediumtext" />
                    <option name="javaType" value="java.lang.String" />
                  </TypeMapper>
                  <TypeMapper>
                    <option name="columnType" value="nvarchar(\(\d+\))?" />
                    <option name="javaType" value="java.lang.String" />
                  </TypeMapper>
                </list>
              </option>
              <option name="name" value="Default" />
            </TypeMapperGroup>
          </value>
        </entry>
      </map>
    </option>
  </component>
</application>