<application>
  <component name="ProjectManager">
    <defaultProject>
      <component name="CompilerConfiguration">
        <option name="BUILD_PROCESS_HEAP_SIZE" value="2048" />
      </component>
      <component name="CompilerWorkspaceConfiguration">
        <option name="PARALLEL_COMPILATION" value="true" />
      </component>
      <component name="MavenImportPreferences">
        <option name="generalSettings">
          <MavenGeneralSettings>
            <option name="localRepository" value="D:\Software\Maven\maven-repository" />
            <option name="mavenHome" value="D:/Software/Maven/apache-maven-3.8.1" />
            <option name="userSettingsFile" value="D:\Software\Maven\apache-maven-3.8.1\conf\settings.xml" />
          </MavenGeneralSettings>
        </option>
      </component>
      <component name="ProjectDictionaryState">
        <dictionary name="Administrator" />
        <dictionary name="赖浩杨" />
      </component>
      <component name="ProjectRootManager" version="2" languageLevel="JDK_1_8" project-jdk-name="1.8" project-jdk-type="JavaSDK" />
      <component name="ProjectViewState">
        <option name="hideEmptyMiddlePackages" value="true" />
        <option name="showLibraryContents" value="true" />
      </component>
      <component name="PropertiesComponent">
        <property name="project.structure.last.edited" value="Project" />
        <property name="project.structure.proportion" value="0.0" />
        <property name="project.structure.side.proportion" value="0.0" />
        <property name="settings.editor.selected.configurable" value="MavenSettings" />
      </component>
      <component name="SpellCheckerSettings" BundledDictionaries="0" RuntimeDictionaries="0" Folders="0" CustomDictionaries="0" Dictionaries="0" CorrectionsLimit="5" DefaultDictionary="application-level" UseSingleDictionary="true" />
      <component name="masterDetails">
        <states>
          <state key="GlobalLibrariesConfigurable.UI" />
          <state key="JdkListConfigurable.UI" />
          <state key="ProjectLibrariesConfigurable.UI" />
        </states>
      </component>
    </defaultProject>
  </component>
</application>