<application>
  <component name="SonarLintGlobalSettings">
    <option name="rulesByKey">
      <map>
        <entry key="java:S107">
          <value>
            <Rule active="false" key="java:S107" />
          </value>
        </entry>
        <entry key="java:S110">
          <value>
            <Rule active="false" key="java:S110" />
          </value>
        </entry>
        <entry key="java:S1118">
          <value>
            <Rule active="false" key="java:S1118" />
          </value>
        </entry>
        <entry key="java:S1192">
          <value>
            <Rule active="false" key="java:S1192" />
          </value>
        </entry>
        <entry key="java:S125">
          <value>
            <Rule active="false" key="java:S125" />
          </value>
        </entry>
        <entry key="java:S2737">
          <value>
            <Rule active="false" key="java:S2737" />
          </value>
        </entry>
        <entry key="java:S3457">
          <value>
            <Rule active="false" key="java:S3457" />
          </value>
        </entry>
        <entry key="java:S3776">
          <value>
            <Rule active="false" key="java:S3776" />
          </value>
        </entry>
        <entry key="java:S5411">
          <value>
            <Rule active="false" key="java:S5411" />
          </value>
        </entry>
      </map>
    </option>
    <rules>
      <Rule active="false" key="java:S110" />
      <Rule active="false" key="java:S2737" />
      <Rule active="false" key="java:S107" />
      <Rule active="false" key="java:S5411" />
      <Rule active="false" key="java:S1192" />
      <Rule active="false" key="java:S125" />
      <Rule active="false" key="java:S1118" />
      <Rule active="false" key="java:S3776" />
      <Rule active="false" key="java:S3457" />
    </rules>
  </component>
</application>